school_id,subject_desc
1,ART
1,CHINESE
1,ENGLISH LANGUAGE
1,FOUNDATION CHINESE
1,HIGHER CHINESE
1,HIGHER MALAY
1,HIGHER TAMIL
1,MALAY
1,MATHEMATICS
1,MUSIC
1,PHYSICAL EDUCATION
1,SCIENCE
1,SOCIAL STUDIES
1,TAMIL
2,ART
2,DESIGN & TECHNOLOGY
2,FOOD AND CONSUMER EDUCATION
2,MUSIC
2,PHYSICAL EDUCATION
3,ART
3,CHINESE
3,ENGLISH LANGUAGE
3,FOUNDATION CHINESE
3,FOUNDATION ENGLISH LANGUAGE
3,FOUNDATION MALAY
3,FOUNDATION TAMIL
3,HIGHER CHINESE
3,HIGHER MALAY
3,HIGHER TAMIL
3,MALAY
3,MATHEMATICS
3,MUSIC
3,PHYSICAL EDUCATION
3,SCIENCE
3,SOCIAL STUDIES
3,TAMIL
5,ART
5,CHINESE
5,ENGLISH LANGUAGE
5,FOUNDATION CHINESE
5,FOUNDATION ENGLISH LANGUAGE
5,HIGHER CHINESE
5,MATHEMATICS
5,MUSIC
5,PHYSICAL EDUCATION
5,SCIENCE
5,SOCIAL STUDIES
6,ART
6,CHINESE
6,ENGLISH LANGUAGE
6,FOUNDATION CHINESE
6,FOUNDATION ENGLISH LANGUAGE
6,FOUNDATION MALAY
6,FOUNDATION TAMIL
6,HIGHER CHINESE
6,HIGHER MALAY
6,HIGHER TAMIL
6,MALAY
6,MATHEMATICS
6,MUSIC
6,PHYSICAL EDUCATION
6,SCIENCE
6,SOCIAL STUDIES
6,TAMIL
7,ART
7,CHINESE
7,ENGLISH LANGUAGE
7,FOUNDATION CHINESE
7,FOUNDATION ENGLISH LANGUAGE
7,FOUNDATION MALAY
7,HIGHER CHINESE
7,HIGHER MALAY
7,HIGHER TAMIL
7,MALAY
7,MATHEMATICS
7,MUSIC
7,PHYSICAL EDUCATION
7,SCIENCE
7,SOCIAL STUDIES
7,TAMIL
8,ART
8,CHINESE
8,ENGLISH LANGUAGE
8,HIGHER CHINESE
8,HIGHER MALAY
8,HIGHER TAMIL
8,MALAY
8,MATHEMATICS
8,MUSIC
8,PHYSICAL EDUCATION
8,SCIENCE
8,SOCIAL STUDIES
8,TAMIL
9,PHYSICAL EDUCATION
10,CHINESE B
10,H1 BIOLOGY
10,H1 CHEMISTRY
10,H1 CHINESE LANGUAGE
10,H1 ECONOMICS
10,H1 GENERAL PAPER
10,H1 HISTORY
10,H1 MALAY LANGUAGE
10,H1 PHYSICS
10,H1 PROJECT WORK
10,H1 TAMIL LANGUAGE
10,H2 ART
10,H2 BIOLOGY
10,H2 CHEMISTRY
10,H2 ECONOMICS
10,H2 HISTORY
10,H2 PHYSICS
10,H3 BIOLOGY
10,H3 CHEMISTRY
10,H3 PHYSICS
10,NTU MOLECULAR BIOLOGY
10,NTU SEMICONDUCTOR PHYSICS & DEVICES
11,ART
11,CHINESE
11,ENGLISH LANGUAGE
11,FOUNDATION CHINESE
11,FOUNDATION ENGLISH LANGUAGE
11,FOUNDATION MALAY
11,FOUNDATION TAMIL
11,HIGHER CHINESE
11,HIGHER MALAY
11,HIGHER TAMIL
11,MALAY
11,MATHEMATICS
11,MUSIC
11,PHYSICAL EDUCATION
11,SCIENCE
11,SOCIAL STUDIES
11,TAMIL
12,ART
12,DESIGN & TECHNOLOGY
12,FOOD AND CONSUMER EDUCATION
12,PHYSICAL EDUCATION
13,PHYSICAL EDUCATION
14,H1 ART
14,H1 BIOLOGY
14,H1 CHEMISTRY
14,H1 CHINESE LANGUAGE
14,H1 ECONOMICS
14,H1 FRENCH LANGUAGE
14,H1 GENERAL PAPER
14,H1 GERMAN LANGUAGE
14,H1 HISTORY
14,H1 JAPANESE LANGUAGE
14,H1 MALAY LANGUAGE
14,H1 PHYSICS
14,H1 PROJECT WORK
14,H1 TAMIL LANGUAGE
14,H2 ART
14,H2 BIOLOGY
14,H2 CHEMISTRY
14,H2 COMPUTING
14,H2 ECONOMICS
14,H2 FRENCH LANGUAGE
14,H2 GERMAN LANGUAGE
14,H2 HISTORY
14,H2 JAPANESE LANGUAGE
14,H2 KNOWLEDGE & INQUIRY
14,H2 MUSIC
14,H2 PHYSICS
15,ART
15,CHINESE B
15,DESIGN & TECHNOLOGY
15,FOOD AND CONSUMER EDUCATION
15,MALAY B
15,MUSIC
15,PHYSICAL EDUCATION
15,TAMIL B
17,ART
17,CHINESE
17,ENGLISH LANGUAGE
17,HIGHER CHINESE
17,MALAY
17,MATHEMATICS
17,MUSIC
17,PHYSICAL EDUCATION
17,SCIENCE
17,SOCIAL STUDIES
17,TAMIL
18,ART
18,CHINESE
18,ENGLISH LANGUAGE
18,FOUNDATION CHINESE
18,FOUNDATION ENGLISH LANGUAGE
18,FOUNDATION TAMIL
18,HIGHER CHINESE
18,HIGHER TAMIL
18,MALAY
18,MATHEMATICS
18,MUSIC
18,PHYSICAL EDUCATION
18,SCIENCE
18,SOCIAL STUDIES
18,TAMIL
19,ART
19,CHINESE
19,ENGLISH LANGUAGE
19,FOUNDATION CHINESE
19,FOUNDATION ENGLISH LANGUAGE
19,FOUNDATION MALAY
19,HIGHER CHINESE
19,HIGHER MALAY
19,HIGHER TAMIL
19,MALAY
19,MATHEMATICS
19,MUSIC
19,PHYSICAL EDUCATION
19,SCIENCE
19,SOCIAL STUDIES
19,TAMIL
20,ART
20,CHINESE B
20,DESIGN & TECHNOLOGY
20,FOOD AND CONSUMER EDUCATION
20,MALAY B
20,MUSIC
20,PHYSICAL EDUCATION
22,ART
22,CHINESE B
22,DESIGN & TECHNOLOGY
22,FOOD AND CONSUMER EDUCATION
22,MALAY B
22,MUSIC
22,PHYSICAL EDUCATION
22,TAMIL B
23,ART
23,CHINESE
23,ENGLISH LANGUAGE
23,FOUNDATION CHINESE
23,FOUNDATION ENGLISH LANGUAGE
23,FOUNDATION MALAY
23,FOUNDATION TAMIL
23,HIGHER CHINESE
23,HIGHER MALAY
23,HIGHER TAMIL
23,MALAY
23,MATHEMATICS
23,MUSIC
23,PHYSICAL EDUCATION
23,SCIENCE
23,SOCIAL STUDIES
23,TAMIL
24,ART
24,CHINESE B
24,DESIGN & TECHNOLOGY
24,FOOD AND CONSUMER EDUCATION
24,MUSIC
24,PHYSICAL EDUCATION
25,ART
25,CHINESE
25,ENGLISH LANGUAGE
25,FOUNDATION CHINESE
25,FOUNDATION ENGLISH LANGUAGE
25,FOUNDATION MALAY
25,FOUNDATION TAMIL
25,HIGHER CHINESE
25,HIGHER MALAY
25,MALAY
25,MATHEMATICS
25,MUSIC
25,PHYSICAL EDUCATION
25,SCIENCE
25,SOCIAL STUDIES
25,TAMIL
26,ART
26,DESIGN & TECHNOLOGY
26,FOOD AND CONSUMER EDUCATION
26,MUSIC
26,PHYSICAL EDUCATION
27,MUSIC
27,PHYSICAL EDUCATION
28,ART
28,CHINESE B
28,DESIGN & TECHNOLOGY
28,FOOD AND CONSUMER EDUCATION
28,MUSIC
28,PHYSICAL EDUCATION
29,ART
29,CHINESE
29,ENGLISH LANGUAGE
29,FOUNDATION ENGLISH LANGUAGE
29,HIGHER CHINESE
29,HIGHER MALAY
29,HIGHER TAMIL
29,MALAY
29,MATHEMATICS
29,MUSIC
29,PHYSICAL EDUCATION
29,SCIENCE
29,SOCIAL STUDIES
29,TAMIL
30,ART
30,DESIGN & TECHNOLOGY
30,FOOD AND CONSUMER EDUCATION
30,MUSIC
30,PHYSICAL EDUCATION
31,ART
31,CHINESE
31,ENGLISH LANGUAGE
31,FOUNDATION CHINESE
31,FOUNDATION ENGLISH LANGUAGE
31,FOUNDATION MALAY
31,FOUNDATION TAMIL
31,HIGHER CHINESE
31,HIGHER MALAY
31,HIGHER TAMIL
31,MALAY
31,MATHEMATICS
31,MUSIC
31,PHYSICAL EDUCATION
31,SCIENCE
31,SOCIAL STUDIES
31,TAMIL
32,ART
32,CHINESE
32,ENGLISH LANGUAGE
32,FOUNDATION CHINESE
32,FOUNDATION ENGLISH LANGUAGE
32,FOUNDATION MALAY
32,FOUNDATION TAMIL
32,HIGHER CHINESE
32,HIGHER MALAY
32,HIGHER TAMIL
32,MALAY
32,MATHEMATICS
32,MUSIC
32,PHYSICAL EDUCATION
32,SCIENCE
32,SOCIAL STUDIES
32,TAMIL
33,CHINESE B
33,PHYSICAL EDUCATION
34,ART
34,DESIGN & TECHNOLOGY
34,FOOD AND CONSUMER EDUCATION
34,MUSIC
34,PHYSICAL EDUCATION
35,ART
35,DESIGN & TECHNOLOGY
35,FOOD AND CONSUMER EDUCATION
35,MUSIC
35,PHYSICAL EDUCATION
36,ART
36,FOOD AND CONSUMER EDUCATION
36,MUSIC
36,PHYSICAL EDUCATION
37,CHINESE B
37,MUSIC
38,ART
38,DESIGN & TECHNOLOGY
38,FOOD AND CONSUMER EDUCATION
38,MUSIC
38,PHYSICAL EDUCATION
39,ART
39,CHINESE
39,ENGLISH LANGUAGE
39,FOUNDATION CHINESE
39,FOUNDATION ENGLISH LANGUAGE
39,FOUNDATION MALAY
39,FOUNDATION TAMIL
39,HIGHER CHINESE
39,HIGHER MALAY
39,HIGHER TAMIL
39,MALAY
39,MATHEMATICS
39,MUSIC
39,PHYSICAL EDUCATION
39,SCIENCE
39,SOCIAL STUDIES
39,TAMIL
40,ART
40,CHINESE
40,ENGLISH LANGUAGE
40,FOUNDATION CHINESE
40,FOUNDATION ENGLISH LANGUAGE
40,FOUNDATION MALAY
40,HIGHER CHINESE
40,HIGHER MALAY
40,HIGHER TAMIL
40,MALAY
40,MATHEMATICS
40,MUSIC
40,PHYSICAL EDUCATION
40,SCIENCE
40,SOCIAL STUDIES
40,TAMIL
41,ART
41,CHINESE
41,ENGLISH LANGUAGE
41,FOUNDATION CHINESE
41,FOUNDATION ENGLISH LANGUAGE
41,FOUNDATION MALAY
41,FOUNDATION TAMIL
41,HIGHER CHINESE
41,HIGHER MALAY
41,HIGHER TAMIL
41,MALAY
41,MATHEMATICS
41,MUSIC
41,PHYSICAL EDUCATION
41,SCIENCE
41,SOCIAL STUDIES
41,TAMIL
42,CHINESE B
42,MALAY B
42,MUSIC
42,TAMIL B
43,ART
43,CHINESE
43,ENGLISH LANGUAGE
43,FOUNDATION CHINESE
43,FOUNDATION ENGLISH LANGUAGE
43,FOUNDATION TAMIL
43,HIGHER CHINESE
43,HIGHER MALAY
43,HIGHER TAMIL
43,MALAY
43,MATHEMATICS
43,MUSIC
43,PHYSICAL EDUCATION
43,SCIENCE
43,SOCIAL STUDIES
43,TAMIL
44,CHINESE B
44,MUSIC
44,PHYSICAL EDUCATION
45,ART
45,CHINESE
45,ENGLISH LANGUAGE
45,FOUNDATION CHINESE
45,FOUNDATION ENGLISH LANGUAGE
45,FOUNDATION MALAY
45,HIGHER CHINESE
45,HIGHER TAMIL
45,MALAY
45,MATHEMATICS
45,MUSIC
45,PHYSICAL EDUCATION
45,SCIENCE
45,SOCIAL STUDIES
45,TAMIL
46,ART
46,CHINESE
46,ENGLISH LANGUAGE
46,FOUNDATION CHINESE
46,FOUNDATION ENGLISH LANGUAGE
46,FOUNDATION MALAY
46,FOUNDATION TAMIL
46,HIGHER CHINESE
46,HIGHER MALAY
46,HIGHER TAMIL
46,MALAY
46,MATHEMATICS
46,MUSIC
46,PHYSICAL EDUCATION
46,SCIENCE
46,SOCIAL STUDIES
46,TAMIL
47,ART
47,CHINESE
47,ENGLISH LANGUAGE
47,FOUNDATION CHINESE
47,FOUNDATION ENGLISH LANGUAGE
47,FOUNDATION MALAY
47,HIGHER CHINESE
47,MALAY
47,MATHEMATICS
47,MUSIC
47,PHYSICAL EDUCATION
47,SCIENCE
47,SOCIAL STUDIES
47,TAMIL
48,ART
48,CHINESE
48,ENGLISH LANGUAGE
48,HIGHER CHINESE
48,MATHEMATICS
48,MUSIC
48,PHYSICAL EDUCATION
48,SCIENCE
48,SOCIAL STUDIES
49,H1 BIOLOGY
49,H1 CHEMISTRY
49,H1 CHINESE LANGUAGE
49,H1 ECONOMICS
49,H1 GENERAL PAPER
49,H1 HISTORY
49,H1 MALAY LANGUAGE
49,H1 PHYSICS
49,H1 PROJECT WORK
49,H1 TAMIL LANGUAGE
49,H2 BIOLOGY
49,H2 CHEMISTRY
49,H2 ECONOMICS
49,H2 HISTORY
49,H2 PHYSICS
50,PHYSICAL EDUCATION
51,ART
51,CHINESE
51,ENGLISH LANGUAGE
51,FOUNDATION CHINESE
51,FOUNDATION ENGLISH LANGUAGE
51,FOUNDATION MALAY
51,FOUNDATION TAMIL
51,HIGHER CHINESE
51,HIGHER MALAY
51,HIGHER TAMIL
51,MALAY
51,MATHEMATICS
51,MUSIC
51,PHYSICAL EDUCATION
51,SCIENCE
51,SOCIAL STUDIES
51,TAMIL
52,MUSIC
52,PHYSICAL EDUCATION
53,ART
53,CHINESE
53,ENGLISH LANGUAGE
53,FOUNDATION CHINESE
53,FOUNDATION ENGLISH LANGUAGE
53,FOUNDATION MALAY
53,FOUNDATION TAMIL
53,HIGHER CHINESE
53,HIGHER MALAY
53,HIGHER TAMIL
53,MALAY
53,MATHEMATICS
53,MUSIC
53,PHYSICAL EDUCATION
53,SCIENCE
53,SOCIAL STUDIES
53,TAMIL
54,ART
54,CHINESE
54,CO-CURRICULAR ACTIVITIES
54,ENGLISH LANGUAGE
54,FOUNDATION CHINESE
54,FOUNDATION ENGLISH LANGUAGE
54,HIGHER CHINESE
54,HIGHER MALAY
54,HIGHER TAMIL
54,MALAY
54,MATHEMATICS
54,MUSIC
54,PHYSICAL EDUCATION
54,SCIENCE
54,SOCIAL STUDIES
54,TAMIL
55,CHINESE
55,ENGLISH LANGUAGE
55,FOUNDATION CHINESE
55,FOUNDATION ENGLISH LANGUAGE
55,FOUNDATION MALAY
55,FOUNDATION TAMIL
55,HIGHER CHINESE
55,HIGHER MALAY
55,HIGHER TAMIL
55,MALAY
55,MATHEMATICS
55,SCIENCE
55,TAMIL
56,CHINESE B
57,CHINESE
57,ENGLISH LANGUAGE
57,MALAY
57,MATHEMATICS
57,SCIENCE
57,TAMIL
58,ART
58,CHINESE
58,ENGLISH LANGUAGE
58,FOUNDATION CHINESE
58,FOUNDATION ENGLISH LANGUAGE
58,FOUNDATION MALAY
58,FOUNDATION TAMIL
58,HIGHER CHINESE
58,HIGHER TAMIL
58,MALAY
58,MATHEMATICS
58,MUSIC
58,PHYSICAL EDUCATION
58,SCIENCE
58,SOCIAL STUDIES
58,TAMIL
59,ART
59,CHINESE
59,ENGLISH LANGUAGE
59,HIGHER CHINESE
59,HIGHER MALAY
59,HIGHER TAMIL
59,MALAY
59,MATHEMATICS
59,MUSIC
59,PHYSICAL EDUCATION
59,SCIENCE
59,SOCIAL STUDIES
59,TAMIL
60,ART
60,CHINESE
60,ENGLISH LANGUAGE
60,FOUNDATION CHINESE
60,FOUNDATION ENGLISH LANGUAGE
60,FOUNDATION MALAY
60,FOUNDATION TAMIL
60,HIGHER CHINESE
60,HIGHER MALAY
60,HIGHER TAMIL
60,MALAY
60,MATHEMATICS
60,MUSIC
60,PHYSICAL EDUCATION
60,SCIENCE
60,SOCIAL STUDIES
60,TAMIL
61,ART
61,CHINESE B
61,FOOD AND CONSUMER EDUCATION
61,PHYSICAL EDUCATION
62,ART
62,FOOD AND CONSUMER EDUCATION
62,PHYSICAL EDUCATION
63,ART
63,CHINESE
63,ENGLISH LANGUAGE
63,HIGHER CHINESE
63,MATHEMATICS
63,MUSIC
63,PHYSICAL EDUCATION
63,SCIENCE
63,SOCIAL STUDIES
64,ART
64,DESIGN & TECHNOLOGY
64,FOOD AND CONSUMER EDUCATION
64,MUSIC
64,PHYSICAL EDUCATION
65,ART
65,CHINESE
65,ENGLISH LANGUAGE
65,FOUNDATION CHINESE
65,FOUNDATION ENGLISH LANGUAGE
65,HIGHER CHINESE
65,HIGHER MALAY
65,HIGHER TAMIL
65,MALAY
65,MATHEMATICS
65,MUSIC
65,PHYSICAL EDUCATION
65,SCIENCE
65,SOCIAL STUDIES
65,TAMIL
66,ART
66,CHINESE
66,ENGLISH LANGUAGE
66,FOUNDATION CHINESE
66,FOUNDATION ENGLISH LANGUAGE
66,FOUNDATION MALAY
66,FOUNDATION TAMIL
66,HIGHER CHINESE
66,HIGHER MALAY
66,HIGHER TAMIL
66,MALAY
66,MATHEMATICS
66,MUSIC
66,PHYSICAL EDUCATION
66,SCIENCE
66,SOCIAL STUDIES
66,TAMIL
67,MUSIC
68,ART
68,CHINESE
68,ENGLISH LANGUAGE
68,FOUNDATION CHINESE
68,FOUNDATION ENGLISH LANGUAGE
68,FOUNDATION MALAY
68,FOUNDATION TAMIL
68,HIGHER CHINESE
68,HIGHER MALAY
68,HIGHER TAMIL
68,MALAY
68,MATHEMATICS
68,MUSIC
68,PHYSICAL EDUCATION
68,SCIENCE
68,SOCIAL STUDIES
68,TAMIL
69,MUSIC
69,PHYSICAL EDUCATION
70,MUSIC
70,PHYSICAL EDUCATION
71,MUSIC
71,PHYSICAL EDUCATION
72,ART
72,CHINESE
72,ENGLISH LANGUAGE
72,FOUNDATION CHINESE
72,FOUNDATION ENGLISH LANGUAGE
72,FOUNDATION MALAY
72,FOUNDATION TAMIL
72,HIGHER CHINESE
72,HIGHER MALAY
72,HIGHER TAMIL
72,MALAY
72,MATHEMATICS
72,MUSIC
72,PHYSICAL EDUCATION
72,SCIENCE
72,SOCIAL STUDIES
72,TAMIL
73,ART
73,CHINESE B
73,DESIGN & TECHNOLOGY
73,FOOD AND CONSUMER EDUCATION
73,MUSIC
73,PHYSICAL EDUCATION
74,CHINESE B
74,MUSIC
74,PHYSICAL EDUCATION
75,ART
75,CHINESE
75,ENGLISH LANGUAGE
75,FOUNDATION CHINESE
75,FOUNDATION ENGLISH LANGUAGE
75,FOUNDATION MALAY
75,FOUNDATION TAMIL
75,HIGHER CHINESE
75,HIGHER MALAY
75,HIGHER TAMIL
75,MALAY
75,MATHEMATICS
75,MUSIC
75,PHYSICAL EDUCATION
75,SCIENCE
75,TAMIL
76,CHINESE B
76,MALAY B
77,ART
77,CHINESE
77,ENGLISH LANGUAGE
77,FOUNDATION ENGLISH LANGUAGE
77,HIGHER CHINESE
77,HIGHER MALAY
77,HIGHER TAMIL
77,MALAY
77,MATHEMATICS
77,MUSIC
77,PHYSICAL EDUCATION
77,SCIENCE
77,SOCIAL STUDIES
77,TAMIL
78,ART
78,CHINESE
78,CO-CURRICULAR ACTIVITIES
78,ENGLISH LANGUAGE
78,FOUNDATION ENGLISH LANGUAGE
78,HIGHER CHINESE
78,HIGHER MALAY
78,MALAY
78,MATHEMATICS
78,MUSIC
78,PHYSICAL EDUCATION
78,SCIENCE
78,SOCIAL STUDIES
79,MUSIC
79,PHYSICAL EDUCATION
80,PHYSICAL EDUCATION
81,ART
81,CHINESE
81,ENGLISH LANGUAGE
81,FOUNDATION CHINESE
81,FOUNDATION ENGLISH LANGUAGE
81,FOUNDATION MALAY
81,HIGHER CHINESE
81,HIGHER MALAY
81,HIGHER TAMIL
81,MALAY
81,MATHEMATICS
81,MUSIC
81,PHYSICAL EDUCATION
81,SCIENCE
81,SOCIAL STUDIES
81,TAMIL
82,CHINESE B
82,MUSIC
82,PHYSICAL EDUCATION
83,ART
83,CHINESE
83,ENGLISH LANGUAGE
83,FOUNDATION CHINESE
83,FOUNDATION ENGLISH LANGUAGE
83,FOUNDATION MALAY
83,FOUNDATION TAMIL
83,HIGHER CHINESE
83,HIGHER MALAY
83,HIGHER TAMIL
83,MALAY
83,MATHEMATICS
83,MUSIC
83,PHYSICAL EDUCATION
83,SCIENCE
83,SOCIAL STUDIES
83,TAMIL
84,ART
84,CHINESE
84,CO-CURRICULAR ACTIVITIES
84,ENGLISH LANGUAGE
84,FOUNDATION ENGLISH LANGUAGE
84,HIGHER CHINESE
84,HIGHER MALAY
84,HIGHER TAMIL
84,MALAY
84,MATHEMATICS
84,MUSIC
84,PHYSICAL EDUCATION
84,SCIENCE
84,SOCIAL STUDIES
84,TAMIL
85,ART
85,DESIGN & TECHNOLOGY
85,FOOD AND CONSUMER EDUCATION
85,PHYSICAL EDUCATION
86,MUSIC
88,PHYSICAL EDUCATION
89,ART
89,CHINESE
89,ENGLISH LANGUAGE
89,FOUNDATION ENGLISH LANGUAGE
89,HIGHER CHINESE
89,HIGHER MALAY
89,HIGHER TAMIL
89,MALAY
89,MATHEMATICS
89,MUSIC
89,PHYSICAL EDUCATION
89,SCIENCE
89,SOCIAL STUDIES
89,TAMIL
90,ART
90,CHINESE B
90,DESIGN & TECHNOLOGY
90,FOOD AND CONSUMER EDUCATION
90,MALAY B
90,PHYSICAL EDUCATION
90,TAMIL B
91,ART
91,CHINESE
91,CO-CURRICULAR ACTIVITIES
91,ENGLISH LANGUAGE
91,FOUNDATION ENGLISH LANGUAGE
91,HIGHER CHINESE
91,HIGHER MALAY
91,HIGHER TAMIL
91,MATHEMATICS
91,PHYSICAL EDUCATION
91,SCIENCE
91,SOCIAL STUDIES
91,TAMIL
92,ART
92,DESIGN & TECHNOLOGY
92,FOOD AND CONSUMER EDUCATION
93,ART
93,CHINESE
93,ENGLISH LANGUAGE
93,HIGHER CHINESE
93,HIGHER MALAY
93,MALAY
93,MATHEMATICS
93,MUSIC
93,PHYSICAL EDUCATION
93,SCIENCE
93,SOCIAL STUDIES
93,TAMIL
94,ART
94,CHINESE
94,ENGLISH LANGUAGE
94,FOUNDATION CHINESE
94,FOUNDATION ENGLISH LANGUAGE
94,FOUNDATION MALAY
94,HIGHER CHINESE
94,HIGHER MALAY
94,MALAY
94,MATHEMATICS
94,MUSIC
94,PHYSICAL EDUCATION
94,SCIENCE
94,SOCIAL STUDIES
95,CHINESE B
95,H1 CHINESE LANGUAGE
95,H1 ECONOMICS
95,H1 FRENCH LANGUAGE
95,H1 GENERAL PAPER
95,H1 JAPANESE LANGUAGE
95,H1 MALAY LANGUAGE
95,H1 PROJECT WORK
95,H1 TAMIL LANGUAGE
95,H2 ART
95,H2 BIOLOGY
95,H2 CHEMISTRY
95,H2 ECONOMICS
95,H2 HISTORY
95,H2 KNOWLEDGE & INQUIRY
95,H2 MUSIC
95,H2 PHYSICS
95,H3 ART
95,H3 CHEMISTRY
95,H3 HISTORY
95,H3 MUSIC
95,H3 PHYSICS
95,NTU MOLECULAR BIOLOGY
95,NUS GEOPOLITICS: WAR & PEACE
96,ART
96,CHINESE
96,ENGLISH LANGUAGE
96,FOUNDATION CHINESE
96,FOUNDATION ENGLISH LANGUAGE
96,FOUNDATION MALAY
96,FOUNDATION TAMIL
96,HIGHER CHINESE
96,HIGHER MALAY
96,HIGHER TAMIL
96,MALAY
96,MATHEMATICS
96,MUSIC
96,PHYSICAL EDUCATION
96,SCIENCE
96,SOCIAL STUDIES
96,TAMIL
97,ART
97,CHINESE
97,CO-CURRICULAR ACTIVITIES
97,ENGLISH LANGUAGE
97,FOUNDATION ENGLISH LANGUAGE
97,HIGHER CHINESE
97,HIGHER MALAY
97,HIGHER TAMIL
97,MALAY
97,MATHEMATICS
97,MUSIC
97,PHYSICAL EDUCATION
97,SCIENCE
97,SOCIAL STUDIES
97,TAMIL
98,ART
98,DESIGN & TECHNOLOGY
98,FOOD AND CONSUMER EDUCATION
98,MUSIC
98,PHYSICAL EDUCATION
99,ART
99,CHINESE
99,ENGLISH LANGUAGE
99,FOUNDATION CHINESE
99,FOUNDATION ENGLISH LANGUAGE
99,FOUNDATION MALAY
99,HIGHER CHINESE
99,HIGHER TAMIL
99,MALAY
99,MATHEMATICS
99,MUSIC
99,PHYSICAL EDUCATION
99,SCIENCE
99,SOCIAL STUDIES
99,TAMIL
100,CHINESE B
101,CHINESE B
101,MALAY B
101,MUSIC
101,TAMIL B
102,ART
102,CHINESE
102,ENGLISH LANGUAGE
102,FOUNDATION BENGALI
102,FOUNDATION CHINESE
102,FOUNDATION ENGLISH LANGUAGE
102,FOUNDATION MALAY
102,FOUNDATION TAMIL
102,HIGHER CHINESE
102,HIGHER TAMIL
102,MALAY
102,MATHEMATICS
102,MUSIC
102,PHYSICAL EDUCATION
102,SCIENCE
102,SOCIAL STUDIES
102,TAMIL
103,ART
103,CHINESE
103,ENGLISH LANGUAGE
103,FOUNDATION ENGLISH LANGUAGE
103,HIGHER CHINESE
103,HIGHER MALAY
103,HIGHER TAMIL
103,MALAY
103,MATHEMATICS
103,MUSIC
103,PHYSICAL EDUCATION
103,SCIENCE
103,SOCIAL STUDIES
103,TAMIL
104,ART
104,CHINESE
104,ENGLISH LANGUAGE
104,MALAY
104,MATHEMATICS
104,MUSIC
104,PHYSICAL EDUCATION
104,SCIENCE
104,SOCIAL STUDIES
104,TAMIL
105,ART
105,CHINESE
105,ENGLISH LANGUAGE
105,HIGHER CHINESE
105,HIGHER MALAY
105,HIGHER TAMIL
105,MALAY
105,MATHEMATICS
105,MUSIC
105,PHYSICAL EDUCATION
105,SCIENCE
105,SOCIAL STUDIES
105,TAMIL
106,ART
106,CHINESE
106,ENGLISH LANGUAGE
106,FOUNDATION ENGLISH LANGUAGE
106,HIGHER CHINESE
106,HIGHER MALAY
106,HIGHER TAMIL
106,MALAY
106,MATHEMATICS
106,MUSIC
106,PHYSICAL EDUCATION
106,SCIENCE
106,SOCIAL STUDIES
106,TAMIL
107,ART
107,CHINESE
107,ENGLISH LANGUAGE
107,FOUNDATION CHINESE
107,FOUNDATION ENGLISH LANGUAGE
107,FOUNDATION MALAY
107,HIGHER CHINESE
107,HIGHER MALAY
107,MALAY
107,MATHEMATICS
107,MUSIC
107,PHYSICAL EDUCATION
107,SCIENCE
107,SOCIAL STUDIES
107,TAMIL
108,ART
108,CHINESE
108,ENGLISH LANGUAGE
108,FOUNDATION CHINESE
108,FOUNDATION ENGLISH LANGUAGE
108,FOUNDATION MALAY
108,FOUNDATION TAMIL
108,HIGHER CHINESE
108,HIGHER MALAY
108,HIGHER TAMIL
108,MALAY
108,MATHEMATICS
108,MUSIC
108,PHYSICAL EDUCATION
108,SCIENCE
108,SOCIAL STUDIES
108,TAMIL
109,ART
109,CHINESE B
109,DESIGN & TECHNOLOGY
109,FOOD AND CONSUMER EDUCATION
109,MUSIC
109,PHYSICAL EDUCATION
110,ART
110,CHINESE
110,ENGLISH LANGUAGE
110,FOUNDATION CHINESE
110,FOUNDATION ENGLISH LANGUAGE
110,FOUNDATION MALAY
110,FOUNDATION TAMIL
110,HIGHER CHINESE
110,HIGHER MALAY
110,HIGHER TAMIL
110,MALAY
110,MATHEMATICS
110,MUSIC
110,PHYSICAL EDUCATION
110,SCIENCE
110,SOCIAL STUDIES
110,TAMIL
111,MUSIC
112,ART
112,CHINESE
112,ENGLISH LANGUAGE
112,FOUNDATION CHINESE
112,FOUNDATION ENGLISH LANGUAGE
112,FOUNDATION MALAY
112,FOUNDATION TAMIL
112,HIGHER CHINESE
112,HIGHER MALAY
112,HIGHER TAMIL
112,MALAY
112,MATHEMATICS
112,MUSIC
112,PHYSICAL EDUCATION
112,SCIENCE
112,SOCIAL STUDIES
112,TAMIL
113,ART
113,DESIGN & TECHNOLOGY
113,FOOD AND CONSUMER EDUCATION
113,MUSIC
113,PHYSICAL EDUCATION
114,ART
114,CHINESE
114,CO-CURRICULAR ACTIVITIES
114,ENGLISH LANGUAGE
114,FOUNDATION ENGLISH LANGUAGE
114,HIGHER CHINESE
114,MALAY
114,MATHEMATICS
114,MUSIC
114,PHYSICAL EDUCATION
114,SCIENCE
114,SOCIAL STUDIES
114,TAMIL
115,ART
115,DESIGN & TECHNOLOGY
115,FOOD AND CONSUMER EDUCATION
116,ART
116,CHINESE
116,ENGLISH LANGUAGE
116,FOUNDATION CHINESE
116,FOUNDATION ENGLISH LANGUAGE
116,FOUNDATION MALAY
116,HIGHER CHINESE
116,HIGHER MALAY
116,MALAY
116,MATHEMATICS
116,MUSIC
116,PHYSICAL EDUCATION
116,SCIENCE
116,SOCIAL STUDIES
117,ART
117,CHINESE
117,CO-CURRICULAR ACTIVITIES
117,ENGLISH LANGUAGE
117,HIGHER CHINESE
117,HIGHER MALAY
117,MALAY
117,MATHEMATICS
117,MUSIC
117,PHYSICAL EDUCATION
117,SCIENCE
117,SOCIAL STUDIES
118,ART
118,DESIGN & TECHNOLOGY
118,FOOD AND CONSUMER EDUCATION
118,MUSIC
118,PHYSICAL EDUCATION
119,ART
119,CHINESE
119,ENGLISH LANGUAGE
119,FOUNDATION CHINESE
119,FOUNDATION ENGLISH LANGUAGE
119,FOUNDATION MALAY
119,FOUNDATION TAMIL
119,HIGHER CHINESE
119,HIGHER MALAY
119,HIGHER TAMIL
119,MALAY
119,MATHEMATICS
119,MUSIC
119,PHYSICAL EDUCATION
119,SCIENCE
119,SOCIAL STUDIES
119,TAMIL
120,CHINESE B
120,MUSIC
120,PHYSICAL EDUCATION
121,ART
121,CHINESE
121,ENGLISH LANGUAGE
121,FOUNDATION CHINESE
121,FOUNDATION ENGLISH LANGUAGE
121,FOUNDATION MALAY
121,FOUNDATION TAMIL
121,HIGHER CHINESE
121,HIGHER MALAY
121,HIGHER TAMIL
121,MALAY
121,MATHEMATICS
121,MUSIC
121,PHYSICAL EDUCATION
121,SCIENCE
121,SOCIAL STUDIES
121,TAMIL
122,ART
122,CHINESE
122,ENGLISH LANGUAGE
122,FOUNDATION CHINESE
122,FOUNDATION ENGLISH LANGUAGE
122,FOUNDATION MALAY
122,FOUNDATION TAMIL
122,HIGHER CHINESE
122,HIGHER MALAY
122,HIGHER TAMIL
122,MALAY
122,MATHEMATICS
122,MUSIC
122,PHYSICAL EDUCATION
122,SCIENCE
122,SOCIAL STUDIES
122,TAMIL
123,MUSIC
123,PHYSICAL EDUCATION
124,ART
124,DESIGN & TECHNOLOGY
124,FOOD AND CONSUMER EDUCATION
124,MUSIC
124,PHYSICAL EDUCATION
125,ART
125,CHINESE
125,ENGLISH LANGUAGE
125,FOUNDATION CHINESE
125,FOUNDATION ENGLISH LANGUAGE
125,FOUNDATION MALAY
125,HIGHER CHINESE
125,HIGHER MALAY
125,HIGHER TAMIL
125,MALAY
125,MATHEMATICS
125,MUSIC
125,PHYSICAL EDUCATION
125,SCIENCE
125,SOCIAL STUDIES
125,TAMIL
126,ART
126,CHINESE
126,ENGLISH LANGUAGE
126,FOUNDATION CHINESE
126,HIGHER CHINESE
126,HIGHER MALAY
126,HIGHER TAMIL
126,MALAY
126,MATHEMATICS
126,MUSIC
126,PHYSICAL EDUCATION
126,SCIENCE
126,SOCIAL STUDIES
126,TAMIL
127,ART
127,DESIGN & TECHNOLOGY
127,PHYSICAL EDUCATION
128,ART
128,CHINESE B
128,DESIGN & TECHNOLOGY
128,FOOD AND CONSUMER EDUCATION
128,MUSIC
128,PHYSICAL EDUCATION
129,ART
129,CHINESE
129,ENGLISH LANGUAGE
129,FOUNDATION CHINESE
129,FOUNDATION ENGLISH LANGUAGE
129,HIGHER CHINESE
129,MATHEMATICS
129,MUSIC
129,PHYSICAL EDUCATION
129,SCIENCE
129,SOCIAL STUDIES
130,ART
130,CHINESE
130,ENGLISH LANGUAGE
130,FOUNDATION CHINESE
130,FOUNDATION ENGLISH LANGUAGE
130,HIGHER CHINESE
130,MATHEMATICS
130,MUSIC
130,PHYSICAL EDUCATION
130,SCIENCE
130,SOCIAL STUDIES
131,ART
131,CHINESE
131,ENGLISH LANGUAGE
131,FOUNDATION CHINESE
131,FOUNDATION ENGLISH LANGUAGE
131,FOUNDATION TAMIL
131,HIGHER CHINESE
131,HIGHER MALAY
131,HIGHER TAMIL
131,MALAY
131,MATHEMATICS
131,MUSIC
131,PHYSICAL EDUCATION
131,SCIENCE
131,SOCIAL STUDIES
131,TAMIL
132,ART
132,CHINESE
132,ENGLISH LANGUAGE
132,FOUNDATION CHINESE
132,FOUNDATION ENGLISH LANGUAGE
132,FOUNDATION MALAY
132,FOUNDATION TAMIL
132,HIGHER CHINESE
132,HIGHER MALAY
132,HIGHER TAMIL
132,MALAY
132,MATHEMATICS
132,MUSIC
132,PHYSICAL EDUCATION
132,SCIENCE
132,SOCIAL STUDIES
132,TAMIL
133,CHINESE B
133,MUSIC
133,PHYSICAL EDUCATION
134,ART
134,DESIGN & TECHNOLOGY
135,ART
135,CHINESE
135,ENGLISH LANGUAGE
135,FOUNDATION CHINESE
135,FOUNDATION ENGLISH LANGUAGE
135,FOUNDATION MALAY
135,FOUNDATION TAMIL
135,HIGHER CHINESE
135,HIGHER MALAY
135,HIGHER TAMIL
135,MALAY
135,MATHEMATICS
135,MUSIC
135,PHYSICAL EDUCATION
135,SCIENCE
135,SOCIAL STUDIES
135,TAMIL
136,MUSIC
136,PHYSICAL EDUCATION
137,ART
137,CHINESE
137,ENGLISH LANGUAGE
137,FOUNDATION CHINESE
137,FOUNDATION ENGLISH LANGUAGE
137,FOUNDATION MALAY
137,FOUNDATION TAMIL
137,HIGHER CHINESE
137,HIGHER MALAY
137,HIGHER TAMIL
137,MALAY
137,MATHEMATICS
137,MUSIC
137,PHYSICAL EDUCATION
137,SCIENCE
137,SOCIAL STUDIES
137,TAMIL
138,ART
138,CHINESE
138,ENGLISH LANGUAGE
138,FOUNDATION CHINESE
138,FOUNDATION ENGLISH LANGUAGE
138,FOUNDATION MALAY
138,FOUNDATION TAMIL
138,HIGHER CHINESE
138,HIGHER MALAY
138,HIGHER TAMIL
138,MALAY
138,MATHEMATICS
138,MUSIC
138,PHYSICAL EDUCATION
138,SCIENCE
138,SOCIAL STUDIES
138,TAMIL
139,ART
139,CHINESE
139,ENGLISH LANGUAGE
139,FOUNDATION CHINESE
139,FOUNDATION ENGLISH LANGUAGE
139,FOUNDATION MALAY
139,FOUNDATION TAMIL
139,HIGHER CHINESE
139,HIGHER MALAY
139,HIGHER TAMIL
139,MALAY
139,MATHEMATICS
139,MUSIC
139,PHYSICAL EDUCATION
139,SCIENCE
139,SOCIAL STUDIES
139,TAMIL
140,CHINESE
140,ENGLISH LANGUAGE
140,FOUNDATION CHINESE
140,FOUNDATION ENGLISH LANGUAGE
140,FOUNDATION MALAY
140,MALAY
140,MATHEMATICS
140,SCIENCE
142,H1 ART
142,H1 BIOLOGY
142,H1 CHEMISTRY
142,H1 CHINESE LANGUAGE
142,H1 ECONOMICS
142,H1 GENERAL PAPER
142,H1 HISTORY
142,H1 MALAY LANGUAGE
142,H1 PHYSICS
142,H1 PROJECT WORK
142,H1 TAMIL LANGUAGE
142,H2 ART
142,H2 BIOLOGY
142,H2 CHEMISTRY
142,H2 COMPUTING
142,H2 ECONOMICS
142,H2 HISTORY
142,H2 PHYSICS
142,H2 TRANSLATION (CHINESE)
142,H3 BIOLOGY
142,H3 CHEMISTRY
142,H3 ECONOMICS
142,H3 HISTORY
142,H3 PHYSICS
143,ART
143,CHINESE
143,ENGLISH LANGUAGE
143,HIGHER CHINESE
143,HIGHER MALAY
143,HIGHER TAMIL
143,MALAY
143,MATHEMATICS
143,MUSIC
143,PHYSICAL EDUCATION
143,SCIENCE
143,SOCIAL STUDIES
143,TAMIL
144,ART
144,DESIGN & TECHNOLOGY
144,FOOD AND CONSUMER EDUCATION
144,MUSIC
144,PHYSICAL EDUCATION
145,ART
145,CHINESE
145,ENGLISH LANGUAGE
145,FOUNDATION ENGLISH LANGUAGE
145,HIGHER CHINESE
145,HIGHER MALAY
145,HIGHER TAMIL
145,MALAY
145,MATHEMATICS
145,MUSIC
145,PHYSICAL EDUCATION
145,SCIENCE
145,SOCIAL STUDIES
145,TAMIL
147,ART
147,DESIGN & TECHNOLOGY
147,FOOD AND CONSUMER EDUCATION
147,MUSIC
147,PHYSICAL EDUCATION
148,ART
148,CHINESE
148,ENGLISH LANGUAGE
148,FOUNDATION CHINESE
148,FOUNDATION ENGLISH LANGUAGE
148,FOUNDATION MALAY
148,FOUNDATION TAMIL
148,HIGHER CHINESE
148,HIGHER MALAY
148,HIGHER TAMIL
148,MALAY
148,MATHEMATICS
148,MUSIC
148,PHYSICAL EDUCATION
148,SCIENCE
148,SOCIAL STUDIES
148,TAMIL
149,ART
149,CHINESE B
149,DESIGN & TECHNOLOGY
149,FOOD AND CONSUMER EDUCATION
149,MALAY B
149,MUSIC
150,ART
150,CHINESE
150,ENGLISH LANGUAGE
150,FOUNDATION ENGLISH LANGUAGE
150,HIGHER CHINESE
150,HIGHER MALAY
150,HIGHER TAMIL
150,MALAY
150,MATHEMATICS
150,MUSIC
150,PHYSICAL EDUCATION
150,SCIENCE
150,SOCIAL STUDIES
150,TAMIL
151,CHINESE B
151,MUSIC
151,PHYSICAL EDUCATION
152,ART
152,CHINESE
152,ENGLISH LANGUAGE
152,FOUNDATION CHINESE
152,HIGHER CHINESE
152,MALAY
152,MATHEMATICS
152,MUSIC
152,PHYSICAL EDUCATION
152,SCIENCE
152,SOCIAL STUDIES
153,ART
153,CHINESE
153,CO-CURRICULAR ACTIVITIES
153,ENGLISH LANGUAGE
153,FOUNDATION ENGLISH LANGUAGE
153,HIGHER CHINESE
153,MATHEMATICS
153,MUSIC
153,PHYSICAL EDUCATION
153,SCIENCE
153,SOCIAL STUDIES
154,ART
154,CHINESE
154,ENGLISH LANGUAGE
154,FOUNDATION CHINESE
154,FOUNDATION ENGLISH LANGUAGE
154,FOUNDATION MALAY
154,FOUNDATION TAMIL
154,HIGHER CHINESE
154,HIGHER MALAY
154,HIGHER TAMIL
154,MALAY
154,MATHEMATICS
154,MUSIC
154,PHYSICAL EDUCATION
154,SCIENCE
154,SOCIAL STUDIES
154,TAMIL
155,MUSIC
155,PHYSICAL EDUCATION
156,ART
156,CHINESE
156,ENGLISH LANGUAGE
156,FOUNDATION CHINESE
156,FOUNDATION ENGLISH LANGUAGE
156,FOUNDATION TAMIL
156,HIGHER CHINESE
156,HIGHER MALAY
156,HIGHER TAMIL
156,MALAY
156,MATHEMATICS
156,MUSIC
156,PHYSICAL EDUCATION
156,SCIENCE
156,SOCIAL STUDIES
156,TAMIL
157,ART
157,DESIGN & TECHNOLOGY
157,FOOD AND CONSUMER EDUCATION
157,MUSIC
157,PHYSICAL EDUCATION
158,ART
158,CHINESE
158,ENGLISH LANGUAGE
158,FOUNDATION CHINESE
158,FOUNDATION ENGLISH LANGUAGE
158,FOUNDATION MALAY
158,FOUNDATION TAMIL
158,HIGHER CHINESE
158,HIGHER MALAY
158,HIGHER TAMIL
158,MALAY
158,MATHEMATICS
158,MUSIC
158,PHYSICAL EDUCATION
158,SCIENCE
158,SOCIAL STUDIES
158,TAMIL
159,ART
159,CHINESE
159,ENGLISH LANGUAGE
159,FOUNDATION CHINESE
159,FOUNDATION ENGLISH LANGUAGE
159,FOUNDATION MALAY
159,FOUNDATION TAMIL
159,HIGHER CHINESE
159,HIGHER MALAY
159,HIGHER TAMIL
159,MALAY
159,MATHEMATICS
159,MUSIC
159,PHYSICAL EDUCATION
159,SCIENCE
159,SOCIAL STUDIES
159,TAMIL
160,ART
160,DESIGN & TECHNOLOGY
160,FOOD AND CONSUMER EDUCATION
160,MALAY B
160,PHYSICAL EDUCATION
161,ART
161,CHINESE
161,CO-CURRICULAR ACTIVITIES
161,ENGLISH LANGUAGE
161,HIGHER CHINESE
161,MATHEMATICS
161,MUSIC
161,PHYSICAL EDUCATION
161,SCIENCE
161,SOCIAL STUDIES
162,ART
162,DESIGN & TECHNOLOGY
162,FOOD AND CONSUMER EDUCATION
162,MUSIC
162,PHYSICAL EDUCATION
164,ART
164,CHINESE
164,ENGLISH LANGUAGE
164,FOUNDATION CHINESE
164,FOUNDATION ENGLISH LANGUAGE
164,FOUNDATION MALAY
164,FOUNDATION TAMIL
164,HIGHER CHINESE
164,HIGHER MALAY
164,HIGHER TAMIL
164,MALAY
164,MATHEMATICS
164,MUSIC
164,PHYSICAL EDUCATION
164,SCIENCE
164,SOCIAL STUDIES
164,TAMIL
165,ART
165,CHINESE B
165,DESIGN & TECHNOLOGY
165,FOOD AND CONSUMER EDUCATION
165,MALAY B
165,MUSIC
165,PHYSICAL EDUCATION
165,TAMIL B
166,ART
166,CHINESE
166,ENGLISH LANGUAGE
166,FOUNDATION CHINESE
166,FOUNDATION ENGLISH LANGUAGE
166,FOUNDATION MALAY
166,FOUNDATION TAMIL
166,HIGHER CHINESE
166,HIGHER MALAY
166,HIGHER TAMIL
166,MALAY
166,MATHEMATICS
166,MUSIC
166,PHYSICAL EDUCATION
166,SCIENCE
166,SOCIAL STUDIES
166,TAMIL
167,ART
167,CHINESE
167,CO-CURRICULAR ACTIVITIES
167,ENGLISH LANGUAGE
167,FOUNDATION CHINESE
167,FOUNDATION ENGLISH LANGUAGE
167,FOUNDATION TAMIL
167,HIGHER CHINESE
167,HIGHER MALAY
167,HIGHER TAMIL
167,MALAY
167,MATHEMATICS
167,MUSIC
167,PHYSICAL EDUCATION
167,SCIENCE
167,SOCIAL STUDIES
167,TAMIL
168,ART
168,CHINESE B
168,DESIGN & TECHNOLOGY
168,FOOD AND CONSUMER EDUCATION
168,MUSIC
169,ART
169,CHINESE
169,ENGLISH LANGUAGE
169,FOUNDATION CHINESE
169,FOUNDATION ENGLISH LANGUAGE
169,HIGHER CHINESE
169,MALAY
169,MATHEMATICS
169,MUSIC
169,PHYSICAL EDUCATION
169,SCIENCE
169,SOCIAL STUDIES
170,ART
170,CHINESE
170,ENGLISH LANGUAGE
170,FOUNDATION ENGLISH LANGUAGE
170,HIGHER CHINESE
170,HIGHER MALAY
170,HIGHER TAMIL
170,MALAY
170,MATHEMATICS
170,MUSIC
170,PHYSICAL EDUCATION
170,SCIENCE
170,SOCIAL STUDIES
170,TAMIL
172,ART
172,CHINESE
172,ENGLISH LANGUAGE
172,FOUNDATION CHINESE
172,HIGHER CHINESE
172,MALAY
172,MATHEMATICS
172,MUSIC
172,PHYSICAL EDUCATION
172,SCIENCE
172,SOCIAL STUDIES
172,TAMIL
173,ART
173,CHINESE B
173,MUSIC
174,CHINESE B
174,H1 BIOLOGY
174,H1 CHEMISTRY
174,H1 CHINESE LANGUAGE
174,H1 ECONOMICS
174,H1 GENERAL PAPER
174,H1 HISTORY
174,H1 MALAY LANGUAGE
174,H1 PHYSICS
174,H1 PROJECT WORK
174,H1 TAMIL LANGUAGE
174,H2 ART
174,H2 BIOLOGY
174,H2 CHEMISTRY
174,H2 ECONOMICS
174,H2 HISTORY
174,H2 PHYSICS
174,MALAY B
174,TAMIL B
175,ART
175,CHINESE
175,ENGLISH LANGUAGE
175,FOUNDATION CHINESE
175,FOUNDATION ENGLISH LANGUAGE
175,FOUNDATION MALAY
175,FOUNDATION TAMIL
175,HIGHER CHINESE
175,HIGHER MALAY
175,HIGHER TAMIL
175,MALAY
175,MATHEMATICS
175,MUSIC
175,PHYSICAL EDUCATION
175,SCIENCE
175,SOCIAL STUDIES
175,TAMIL
176,ART
176,DESIGN & TECHNOLOGY
177,ART
177,DESIGN & TECHNOLOGY
177,FOOD AND CONSUMER EDUCATION
177,PHYSICAL EDUCATION
178,ART
178,CHINESE
178,ENGLISH LANGUAGE
178,FOUNDATION CHINESE
178,FOUNDATION ENGLISH LANGUAGE
178,FOUNDATION MALAY
178,HIGHER CHINESE
178,HIGHER MALAY
178,HIGHER TAMIL
178,MALAY
178,MATHEMATICS
178,MUSIC
178,PHYSICAL EDUCATION
178,SCIENCE
178,SOCIAL STUDIES
178,TAMIL
179,MUSIC
179,PHYSICAL EDUCATION
180,ART
180,CHINESE
180,CO-CURRICULAR ACTIVITIES
180,ENGLISH LANGUAGE
180,FOUNDATION ENGLISH LANGUAGE
180,HIGHER CHINESE
180,MATHEMATICS
180,MUSIC
180,PHYSICAL EDUCATION
180,SCIENCE
180,SOCIAL STUDIES
182,H1 BIOLOGY
182,H1 CHEMISTRY
182,H1 CHINESE LANGUAGE
182,H1 ECONOMICS
182,H1 GENERAL PAPER
182,H1 HISTORY
182,H1 MALAY LANGUAGE
182,H1 PHYSICS
182,H1 PROJECT WORK
182,H1 TAMIL LANGUAGE
182,H2 ART
182,H2 BIOLOGY
182,H2 CHEMISTRY
182,H2 COMPUTING
182,H2 ECONOMICS
182,H2 HISTORY
182,H2 PHYSICS
182,H2 TRANSLATION (CHINESE)
182,H3 ART
182,H3 CHEMISTRY
182,H3 ECONOMICS
182,H3 HISTORY
182,H3 PHYSICS
182,NTU MOLECULAR BIOLOGY
182,NTU SEMICONDUCTOR PHYSICS & DEVICES
183,ART
183,CHINESE
183,CO-CURRICULAR ACTIVITIES
183,ENGLISH LANGUAGE
183,FOUNDATION ENGLISH LANGUAGE
183,HIGHER CHINESE
183,INDIVIDUALISED STUDY OPTION
183,MATHEMATICS
183,MUSIC
183,PHYSICAL EDUCATION
183,SCIENCE
183,SOCIAL STUDIES
184,CHINESE B
184,PHYSICAL EDUCATION
185,ART
185,CHINESE
185,ENGLISH LANGUAGE
185,FOUNDATION CHINESE
185,FOUNDATION ENGLISH LANGUAGE
185,FOUNDATION MALAY
185,FOUNDATION TAMIL
185,HIGHER CHINESE
185,HIGHER MALAY
185,HIGHER TAMIL
185,MALAY
185,MATHEMATICS
185,MUSIC
185,PHYSICAL EDUCATION
185,SCIENCE
185,SOCIAL STUDIES
185,TAMIL
186,CHINESE B
186,MALAY B
186,MUSIC
186,PHYSICAL EDUCATION
186,TAMIL B
187,ART
187,ENGLISH LANGUAGE
187,FOUNDATION ENGLISH LANGUAGE
187,HIGHER CHINESE
187,HIGHER MALAY
187,HIGHER TAMIL
187,MATHEMATICS
187,MUSIC
187,SCIENCE
187,SOCIAL STUDIES
187,TAMIL
188,CHINESE B
189,ART
189,CHINESE
189,ENGLISH LANGUAGE
189,FOUNDATION CHINESE
189,FOUNDATION ENGLISH LANGUAGE
189,FOUNDATION MALAY
189,HIGHER CHINESE
189,HIGHER MALAY
189,HIGHER TAMIL
189,MALAY
189,MATHEMATICS
189,MUSIC
189,PHYSICAL EDUCATION
189,SCIENCE
189,SOCIAL STUDIES
189,TAMIL
190,MUSIC
190,PHYSICAL EDUCATION
191,ART
191,CHINESE
191,CO-CURRICULAR ACTIVITIES
191,ENGLISH LANGUAGE
191,FOUNDATION CHINESE
191,FOUNDATION ENGLISH LANGUAGE
191,FOUNDATION MALAY
191,FOUNDATION TAMIL
191,HIGHER CHINESE
191,HIGHER MALAY
191,HIGHER TAMIL
191,MALAY
191,MATHEMATICS
191,MUSIC
191,PHYSICAL EDUCATION
191,SCIENCE
191,SOCIAL STUDIES
191,TAMIL
192,ART
192,CHINESE
192,ENGLISH LANGUAGE
192,FOUNDATION CHINESE
192,FOUNDATION ENGLISH LANGUAGE
192,FOUNDATION MALAY
192,FOUNDATION TAMIL
192,HIGHER CHINESE
192,HIGHER MALAY
192,HIGHER TAMIL
192,MALAY
192,MATHEMATICS
192,MUSIC
192,PHYSICAL EDUCATION
192,SCIENCE
192,SOCIAL STUDIES
192,TAMIL
193,ART
193,CHINESE
193,ENGLISH LANGUAGE
193,MALAY
193,MATHEMATICS
193,MUSIC
193,PHYSICAL EDUCATION
193,SCIENCE
193,SOCIAL STUDIES
193,TAMIL
194,PHYSICAL EDUCATION
195,ART
195,CHINESE B
195,DESIGN & TECHNOLOGY
196,ART
196,CHINESE
196,ENGLISH LANGUAGE
196,FOUNDATION CHINESE
196,FOUNDATION ENGLISH LANGUAGE
196,FOUNDATION MALAY
196,FOUNDATION TAMIL
196,HIGHER CHINESE
196,HIGHER MALAY
196,HIGHER TAMIL
196,MALAY
196,MATHEMATICS
196,MUSIC
196,PHYSICAL EDUCATION
196,SCIENCE
196,SOCIAL STUDIES
196,TAMIL
197,MUSIC
197,PHYSICAL EDUCATION
198,ART
199,ART
199,CHINESE
199,ENGLISH LANGUAGE
199,MALAY
199,MATHEMATICS
199,MUSIC
199,PHYSICAL EDUCATION
199,SCIENCE
199,SOCIAL STUDIES
199,TAMIL
202,ART
202,CHINESE
202,ENGLISH LANGUAGE
202,MALAY
202,MATHEMATICS
202,MUSIC
202,PHYSICAL EDUCATION
202,SOCIAL STUDIES
203,ART
203,CHINESE
203,ENGLISH LANGUAGE
203,FOUNDATION CHINESE
203,FOUNDATION ENGLISH LANGUAGE
203,FOUNDATION MALAY
203,FOUNDATION TAMIL
203,HIGHER CHINESE
203,HIGHER MALAY
203,HIGHER TAMIL
203,MALAY
203,MATHEMATICS
203,MUSIC
203,PHYSICAL EDUCATION
203,SCIENCE
203,SOCIAL STUDIES
203,TAMIL
204,CHINESE B
204,MALAY B
205,ART
205,CHINESE B
205,DESIGN & TECHNOLOGY
205,FOOD AND CONSUMER EDUCATION
206,ART
206,CHINESE
206,ENGLISH LANGUAGE
206,FOUNDATION CHINESE
206,FOUNDATION ENGLISH LANGUAGE
206,FOUNDATION MALAY
206,HIGHER CHINESE
206,HIGHER MALAY
206,MALAY
206,MATHEMATICS
206,MUSIC
206,PHYSICAL EDUCATION
206,SCIENCE
206,SOCIAL STUDIES
207,ART
207,CHINESE
207,ENGLISH LANGUAGE
207,FOUNDATION CHINESE
207,FOUNDATION ENGLISH LANGUAGE
207,FOUNDATION MALAY
207,FOUNDATION TAMIL
207,HIGHER CHINESE
207,HIGHER MALAY
207,MALAY
207,MATHEMATICS
207,MUSIC
207,PHYSICAL EDUCATION
207,SCIENCE
207,SOCIAL STUDIES
207,TAMIL
208,ART
208,DESIGN & TECHNOLOGY
208,FOOD AND CONSUMER EDUCATION
208,MUSIC
208,PHYSICAL EDUCATION
209,ART
209,CHINESE
209,ENGLISH LANGUAGE
209,MALAY
209,MATHEMATICS
209,MUSIC
209,PHYSICAL EDUCATION
209,SCIENCE
209,SOCIAL STUDIES
209,TAMIL
210,ART
210,DESIGN & TECHNOLOGY
210,FOOD AND CONSUMER EDUCATION
210,MUSIC
211,ART
211,CHINESE
211,ENGLISH LANGUAGE
211,FOUNDATION CHINESE
211,FOUNDATION ENGLISH LANGUAGE
211,HIGHER CHINESE
211,HIGHER TAMIL
211,MALAY
211,MATHEMATICS
211,MUSIC
211,PHYSICAL EDUCATION
211,SCIENCE
211,SOCIAL STUDIES
211,TAMIL
212,ART
212,DESIGN & TECHNOLOGY
212,FOOD AND CONSUMER EDUCATION
212,MUSIC
212,PHYSICAL EDUCATION
213,ART
213,CHINESE
213,ENGLISH LANGUAGE
213,FOUNDATION ENGLISH LANGUAGE
213,HIGHER CHINESE
213,MATHEMATICS
213,MUSIC
213,PHYSICAL EDUCATION
213,SCIENCE
213,SOCIAL STUDIES
214,ART
214,CHINESE
214,ENGLISH LANGUAGE
214,FOUNDATION CHINESE
214,HIGHER CHINESE
214,MATHEMATICS
214,MUSIC
214,PHYSICAL EDUCATION
214,SCIENCE
214,SOCIAL STUDIES
215,ART
215,DESIGN & TECHNOLOGY
215,FOOD AND CONSUMER EDUCATION
215,MUSIC
215,PHYSICAL EDUCATION
216,ART
216,CHINESE
216,ENGLISH LANGUAGE
216,FOUNDATION ENGLISH LANGUAGE
216,HIGHER CHINESE
216,HIGHER MALAY
216,HIGHER TAMIL
216,MALAY
216,MATHEMATICS
216,MUSIC
216,PHYSICAL EDUCATION
216,SCIENCE
216,SOCIAL STUDIES
216,TAMIL
217,MUSIC
217,PHYSICAL EDUCATION
218,CHINESE B
218,MUSIC
218,PHYSICAL EDUCATION
219,ART
219,CHINESE
219,ENGLISH LANGUAGE
219,FOUNDATION CHINESE
219,FOUNDATION ENGLISH LANGUAGE
219,FOUNDATION MALAY
219,HIGHER CHINESE
219,HIGHER MALAY
219,HIGHER TAMIL
219,MALAY
219,MATHEMATICS
219,MUSIC
219,PHYSICAL EDUCATION
219,SCIENCE
219,SOCIAL STUDIES
219,TAMIL
220,ART
220,DESIGN & TECHNOLOGY
220,FOOD AND CONSUMER EDUCATION
220,MUSIC
220,PHYSICAL EDUCATION
221,ART
221,CHINESE
221,ENGLISH LANGUAGE
221,FOUNDATION CHINESE
221,FOUNDATION MALAY
221,FOUNDATION TAMIL
221,HIGHER CHINESE
221,HIGHER MALAY
221,HIGHER TAMIL
221,MALAY
221,MATHEMATICS
221,MUSIC
221,PHYSICAL EDUCATION
221,SCIENCE
221,SOCIAL STUDIES
221,TAMIL
222,ART
222,CHINESE
222,ENGLISH LANGUAGE
222,FOUNDATION CHINESE
222,FOUNDATION ENGLISH LANGUAGE
222,HIGHER CHINESE
222,MATHEMATICS
222,MUSIC
222,PHYSICAL EDUCATION
222,SCIENCE
222,SOCIAL STUDIES
223,MUSIC
223,PHYSICAL EDUCATION
224,ART
224,CHINESE
224,ENGLISH LANGUAGE
224,FOUNDATION CHINESE
224,FOUNDATION ENGLISH LANGUAGE
224,FOUNDATION MALAY
224,FOUNDATION TAMIL
224,HIGHER CHINESE
224,HIGHER MALAY
224,HIGHER TAMIL
224,MALAY
224,MATHEMATICS
224,MUSIC
224,PHYSICAL EDUCATION
224,SCIENCE
224,SOCIAL STUDIES
224,TAMIL
225,ART
225,CHINESE
225,ENGLISH LANGUAGE
225,FOUNDATION CHINESE
225,FOUNDATION ENGLISH LANGUAGE
225,FOUNDATION MALAY
225,FOUNDATION TAMIL
225,HIGHER CHINESE
225,HIGHER MALAY
225,HIGHER TAMIL
225,MALAY
225,MATHEMATICS
225,MUSIC
225,PHYSICAL EDUCATION
225,SCIENCE
225,SOCIAL STUDIES
225,TAMIL
226,ART
226,CHINESE
226,ENGLISH LANGUAGE
226,MALAY
226,MATHEMATICS
226,MUSIC
226,PHYSICAL EDUCATION
226,SOCIAL STUDIES
227,ART
227,CHINESE
227,ENGLISH LANGUAGE
227,FOUNDATION CHINESE
227,FOUNDATION ENGLISH LANGUAGE
227,FOUNDATION MALAY
227,FOUNDATION TAMIL
227,HIGHER CHINESE
227,HIGHER TAMIL
227,MALAY
227,MATHEMATICS
227,MUSIC
227,PHYSICAL EDUCATION
227,SCIENCE
227,SOCIAL STUDIES
227,TAMIL
228,ART
228,CHINESE B
228,DESIGN & TECHNOLOGY
228,FOOD AND CONSUMER EDUCATION
228,MUSIC
228,PHYSICAL EDUCATION
229,ART
229,CHINESE
229,ENGLISH LANGUAGE
229,MALAY
229,MATHEMATICS
229,MUSIC
229,PHYSICAL EDUCATION
229,SCIENCE
229,SOCIAL STUDIES
229,TAMIL
230,ART
230,CHINESE
230,ENGLISH LANGUAGE
230,HIGHER CHINESE
230,MALAY
230,MATHEMATICS
230,MUSIC
230,PHYSICAL EDUCATION
230,SCIENCE
230,SOCIAL STUDIES
231,ART
231,CHINESE
231,ENGLISH LANGUAGE
231,FOUNDATION CHINESE
231,FOUNDATION ENGLISH LANGUAGE
231,FOUNDATION MALAY
231,FOUNDATION TAMIL
231,HIGHER CHINESE
231,HIGHER MALAY
231,HIGHER TAMIL
231,MALAY
231,MATHEMATICS
231,MUSIC
231,PHYSICAL EDUCATION
231,SCIENCE
231,SOCIAL STUDIES
231,TAMIL
232,ART
232,CHINESE
232,ENGLISH LANGUAGE
232,FOUNDATION CHINESE
232,FOUNDATION ENGLISH LANGUAGE
232,FOUNDATION MALAY
232,HIGHER CHINESE
232,HIGHER MALAY
232,HIGHER TAMIL
232,MALAY
232,MATHEMATICS
232,MUSIC
232,PHYSICAL EDUCATION
232,SCIENCE
232,SOCIAL STUDIES
232,TAMIL
233,ART
233,CHINESE B
233,DESIGN & TECHNOLOGY
233,FOOD AND CONSUMER EDUCATION
233,MALAY B
233,MUSIC
234,MUSIC
234,PHYSICAL EDUCATION
235,ART
235,ENGLISH LANGUAGE
235,FOUNDATION ENGLISH LANGUAGE
235,HIGHER CHINESE
235,HIGHER MALAY
235,HIGHER TAMIL
235,MALAY
235,MATHEMATICS
235,MUSIC
235,PHYSICAL EDUCATION
235,SCIENCE
235,SOCIAL STUDIES
235,TAMIL
236,ART
236,CHINESE
236,ENGLISH LANGUAGE
236,HIGHER CHINESE
236,HIGHER MALAY
236,HIGHER TAMIL
236,MALAY
236,MATHEMATICS
236,MUSIC
236,PHYSICAL EDUCATION
236,SCIENCE
236,SOCIAL STUDIES
236,TAMIL
237,PHYSICAL EDUCATION
239,ART
239,CHINESE
239,ENGLISH LANGUAGE
239,HIGHER CHINESE
239,MATHEMATICS
239,MUSIC
239,PHYSICAL EDUCATION
239,SCIENCE
239,SOCIAL STUDIES
240,MUSIC
241,PHYSICAL EDUCATION
242,ART
242,CHINESE
242,ENGLISH LANGUAGE
242,HIGHER CHINESE
242,MALAY
242,MATHEMATICS
242,MUSIC
242,PHYSICAL EDUCATION
242,SCIENCE
242,SOCIAL STUDIES
242,TAMIL
243,ART
243,CHINESE
243,ENGLISH LANGUAGE
243,FOUNDATION CHINESE
243,FOUNDATION ENGLISH LANGUAGE
243,FOUNDATION MALAY
243,FOUNDATION TAMIL
243,HIGHER CHINESE
243,HIGHER MALAY
243,HIGHER TAMIL
243,MALAY
243,MATHEMATICS
243,MUSIC
243,PHYSICAL EDUCATION
243,SCIENCE
243,SOCIAL STUDIES
243,TAMIL
244,ART
244,CHINESE B
244,DESIGN & TECHNOLOGY
244,FOOD AND CONSUMER EDUCATION
244,MALAY B
244,MUSIC
244,PHYSICAL EDUCATION
244,TAMIL B
245,ART
245,CHINESE
245,ENGLISH LANGUAGE
245,FOUNDATION CHINESE
245,FOUNDATION ENGLISH LANGUAGE
245,FOUNDATION MALAY
245,HIGHER CHINESE
245,HIGHER MALAY
245,HIGHER TAMIL
245,MALAY
245,MATHEMATICS
245,MUSIC
245,PHYSICAL EDUCATION
245,SCIENCE
245,SOCIAL STUDIES
245,TAMIL
246,ART
246,CHINESE
246,ENGLISH LANGUAGE
246,FOUNDATION CHINESE
246,FOUNDATION ENGLISH LANGUAGE
246,FOUNDATION TAMIL
246,HIGHER CHINESE
246,HIGHER MALAY
246,HIGHER TAMIL
246,MALAY
246,MATHEMATICS
246,MUSIC
246,PHYSICAL EDUCATION
246,SCIENCE
246,SOCIAL STUDIES
246,TAMIL
247,ART
247,CHINESE
247,ENGLISH LANGUAGE
247,FOUNDATION CHINESE
247,FOUNDATION ENGLISH LANGUAGE
247,FOUNDATION MALAY
247,FOUNDATION TAMIL
247,HIGHER CHINESE
247,HIGHER MALAY
247,HIGHER TAMIL
247,MALAY
247,MATHEMATICS
247,MUSIC
247,PHYSICAL EDUCATION
247,SCIENCE
247,SOCIAL STUDIES
247,TAMIL
250,ART
250,CHINESE
250,ENGLISH LANGUAGE
250,FOUNDATION CHINESE
250,FOUNDATION ENGLISH LANGUAGE
250,FOUNDATION HINDI
250,FOUNDATION MALAY
250,FOUNDATION TAMIL
250,HIGHER CHINESE
250,HIGHER MALAY
250,HIGHER TAMIL
250,MALAY
250,MATHEMATICS
250,MUSIC
250,PHYSICAL EDUCATION
250,SCIENCE
250,SOCIAL STUDIES
250,TAMIL
251,ART
251,DESIGN & TECHNOLOGY
251,FOOD AND CONSUMER EDUCATION
251,MUSIC
251,PHYSICAL EDUCATION
252,ART
252,CHINESE
252,ENGLISH LANGUAGE
252,FOUNDATION CHINESE
252,FOUNDATION ENGLISH LANGUAGE
252,FOUNDATION MALAY
252,FOUNDATION TAMIL
252,HIGHER CHINESE
252,HIGHER TAMIL
252,MALAY
252,MATHEMATICS
252,MUSIC
252,PHYSICAL EDUCATION
252,SCIENCE
252,SOCIAL STUDIES
252,TAMIL
253,CHINESE B
253,MUSIC
253,PHYSICAL EDUCATION
254,ART
254,CHINESE
254,ENGLISH LANGUAGE
254,MALAY
254,MATHEMATICS
254,MUSIC
254,PHYSICAL EDUCATION
254,SCIENCE
254,SOCIAL STUDIES
254,TAMIL
255,ART
255,DESIGN & TECHNOLOGY
256,MUSIC
256,PHYSICAL EDUCATION
257,ART
257,CHINESE
257,ENGLISH LANGUAGE
257,FOUNDATION CHINESE
257,FOUNDATION ENGLISH LANGUAGE
257,FOUNDATION MALAY
257,FOUNDATION TAMIL
257,HIGHER CHINESE
257,HIGHER MALAY
257,HIGHER TAMIL
257,MALAY
257,MATHEMATICS
257,MUSIC
257,PHYSICAL EDUCATION
257,SCIENCE
257,SOCIAL STUDIES
257,TAMIL
258,ART
258,CHINESE
258,CO-CURRICULAR ACTIVITIES
258,ENGLISH LANGUAGE
258,FOUNDATION ENGLISH LANGUAGE
258,HIGHER CHINESE
258,HIGHER MALAY
258,HIGHER TAMIL
258,MALAY
258,MATHEMATICS
258,MUSIC
258,PHYSICAL EDUCATION
258,SCIENCE
258,SOCIAL STUDIES
258,TAMIL
259,ART
259,CHINESE
259,ENGLISH LANGUAGE
259,HIGHER CHINESE
259,HIGHER TAMIL
259,MALAY
259,MATHEMATICS
259,MUSIC
259,PHYSICAL EDUCATION
259,SCIENCE
259,SOCIAL STUDIES
259,TAMIL
262,ART
262,CHINESE
262,ENGLISH LANGUAGE
262,FOUNDATION ENGLISH LANGUAGE
262,HIGHER CHINESE
262,HIGHER MALAY
262,HIGHER TAMIL
262,MALAY
262,MATHEMATICS
262,MUSIC
262,PHYSICAL EDUCATION
262,SCIENCE
262,SOCIAL STUDIES
262,TAMIL
263,PHYSICAL EDUCATION
264,ART
264,CHINESE
264,ENGLISH LANGUAGE
264,HIGHER CHINESE
264,HIGHER MALAY
264,HIGHER TAMIL
264,MALAY
264,MATHEMATICS
264,MUSIC
264,PHYSICAL EDUCATION
264,SCIENCE
264,SOCIAL STUDIES
264,TAMIL
265,CHINESE B
265,MALAY B
265,MUSIC
265,PHYSICAL EDUCATION
266,CHINESE B
266,H1 BIOLOGY
266,H1 CHEMISTRY
266,H1 CHINESE LANGUAGE
266,H1 ECONOMICS
266,H1 GENERAL PAPER
266,H1 HISTORY
266,H1 MALAY LANGUAGE
266,H1 PHYSICS
266,H1 PROJECT WORK
266,H1 TAMIL LANGUAGE
266,H2 ART
266,H2 BIOLOGY
266,H2 CHEMISTRY
266,H2 ECONOMICS
266,H2 HISTORY
266,H2 PHYSICS
266,PHYSICAL EDUCATION
266,TAMIL B
267,ART
267,CHINESE
267,ENGLISH LANGUAGE
267,FOUNDATION CHINESE
267,FOUNDATION ENGLISH LANGUAGE
267,FOUNDATION MALAY
267,FOUNDATION TAMIL
267,HIGHER CHINESE
267,HIGHER MALAY
267,HIGHER TAMIL
267,MALAY
267,MATHEMATICS
267,MUSIC
267,PHYSICAL EDUCATION
267,SCIENCE
267,SOCIAL STUDIES
267,TAMIL
268,ART
268,CHINESE B
268,DESIGN & TECHNOLOGY
268,FOOD AND CONSUMER EDUCATION
268,MUSIC
269,ART
269,CHINESE
269,ENGLISH LANGUAGE
269,HIGHER CHINESE
269,HIGHER MALAY
269,HIGHER TAMIL
269,MALAY
269,MATHEMATICS
269,MUSIC
269,PHYSICAL EDUCATION
269,SCIENCE
269,TAMIL
270,ART
270,DESIGN & TECHNOLOGY
270,FOOD AND CONSUMER EDUCATION
270,MUSIC
270,PHYSICAL EDUCATION
271,ART
271,CHINESE
271,ENGLISH LANGUAGE
271,FOUNDATION CHINESE
271,FOUNDATION ENGLISH LANGUAGE
271,FOUNDATION MALAY
271,FOUNDATION TAMIL
271,HIGHER CHINESE
271,HIGHER MALAY
271,HIGHER TAMIL
271,MALAY
271,MATHEMATICS
271,MUSIC
271,PHYSICAL EDUCATION
271,SCIENCE
271,SOCIAL STUDIES
271,TAMIL
272,ART
272,CHINESE
272,ENGLISH LANGUAGE
272,FOUNDATION CHINESE
272,FOUNDATION ENGLISH LANGUAGE
272,FOUNDATION MALAY
272,FOUNDATION TAMIL
272,HIGHER CHINESE
272,HIGHER MALAY
272,HIGHER TAMIL
272,MALAY
272,MATHEMATICS
272,MUSIC
272,PHYSICAL EDUCATION
272,SCIENCE
272,SOCIAL STUDIES
272,TAMIL
273,MUSIC
273,PHYSICAL EDUCATION
274,ART
274,CHINESE
274,ENGLISH LANGUAGE
274,FOUNDATION CHINESE
274,FOUNDATION ENGLISH LANGUAGE
274,FOUNDATION TAMIL
274,HIGHER CHINESE
274,HIGHER MALAY
274,HIGHER TAMIL
274,MALAY
274,MATHEMATICS
274,MUSIC
274,PHYSICAL EDUCATION
274,SCIENCE
274,SOCIAL STUDIES
274,TAMIL
275,CHINESE B
275,MUSIC
277,ART
277,CHINESE
277,CO-CURRICULAR ACTIVITIES
277,ENGLISH LANGUAGE
277,HIGHER CHINESE
277,HIGHER MALAY
277,HIGHER TAMIL
277,MALAY
277,MATHEMATICS
277,MUSIC
277,PHYSICAL EDUCATION
277,SCIENCE
277,SOCIAL STUDIES
277,TAMIL
278,ART
278,CHINESE
278,ENGLISH LANGUAGE
278,HIGHER CHINESE
278,HIGHER MALAY
278,HIGHER TAMIL
278,MALAY
278,MATHEMATICS
278,MUSIC
278,PHYSICAL EDUCATION
278,SCIENCE
278,SOCIAL STUDIES
278,TAMIL
280,CHINESE B
280,DESIGN & TECHNOLOGY
280,FOOD AND CONSUMER EDUCATION
280,MALAY B
280,MUSIC
280,PHYSICAL EDUCATION
280,TAMIL B
281,ART
281,CHINESE
281,ENGLISH LANGUAGE
281,FOUNDATION CHINESE
281,FOUNDATION ENGLISH LANGUAGE
281,FOUNDATION MALAY
281,FOUNDATION TAMIL
281,HIGHER CHINESE
281,HIGHER MALAY
281,HIGHER TAMIL
281,MALAY
281,MATHEMATICS
281,MUSIC
281,PHYSICAL EDUCATION
281,SCIENCE
281,SOCIAL STUDIES
281,TAMIL
282,ART
282,CHINESE
282,ENGLISH LANGUAGE
282,FOUNDATION CHINESE
282,FOUNDATION ENGLISH LANGUAGE
282,FOUNDATION MALAY
282,FOUNDATION TAMIL
282,HIGHER CHINESE
282,HIGHER TAMIL
282,MALAY
282,MATHEMATICS
282,MUSIC
282,PHYSICAL EDUCATION
282,SCIENCE
282,SOCIAL STUDIES
282,TAMIL
283,ART
283,CHINESE B
283,DESIGN & TECHNOLOGY
283,FOOD AND CONSUMER EDUCATION
283,MUSIC
283,PHYSICAL EDUCATION
284,CHINESE B
284,H1 ART
284,H1 BIOLOGY
284,H1 CHEMISTRY
284,H1 CHINESE LANGUAGE
284,H1 ECONOMICS
284,H1 GENERAL PAPER
284,H1 HISTORY
284,H1 MALAY LANGUAGE
284,H1 PHYSICS
284,H1 PROJECT WORK
284,H1 TAMIL LANGUAGE
284,H2 ART
284,H2 BIOLOGY
284,H2 CHEMISTRY
284,H2 ECONOMICS
284,H2 HISTORY
284,H2 PHYSICS
284,MALAY B
284,PHYSICAL EDUCATION
284,TAMIL B
285,ART
285,CHINESE
285,ENGLISH LANGUAGE
285,FOUNDATION ENGLISH LANGUAGE
285,FOUNDATION TAMIL
285,HIGHER CHINESE
285,HIGHER MALAY
285,HIGHER TAMIL
285,MALAY
285,MATHEMATICS
285,MUSIC
285,PHYSICAL EDUCATION
285,SCIENCE
285,SOCIAL STUDIES
285,TAMIL
286,ART
286,CHINESE
286,ENGLISH LANGUAGE
286,FOUNDATION CHINESE
286,FOUNDATION ENGLISH LANGUAGE
286,FOUNDATION MALAY
286,FOUNDATION TAMIL
286,HIGHER CHINESE
286,HIGHER MALAY
286,HIGHER TAMIL
286,MALAY
286,MATHEMATICS
286,MUSIC
286,PHYSICAL EDUCATION
286,SCIENCE
286,SOCIAL STUDIES
286,TAMIL
287,ART
287,DESIGN & TECHNOLOGY
287,FOOD AND CONSUMER EDUCATION
287,MUSIC
287,PHYSICAL EDUCATION
288,ART
288,DESIGN & TECHNOLOGY
288,FOOD AND CONSUMER EDUCATION
288,MUSIC
288,PHYSICAL EDUCATION
289,MUSIC
289,PHYSICAL EDUCATION
290,ART
290,CHINESE
290,ENGLISH LANGUAGE
290,FOUNDATION CHINESE
290,FOUNDATION ENGLISH LANGUAGE
290,FOUNDATION MALAY
290,FOUNDATION TAMIL
290,HIGHER CHINESE
290,HIGHER MALAY
290,HIGHER TAMIL
290,MALAY
290,MATHEMATICS
290,MUSIC
290,PHYSICAL EDUCATION
290,SCIENCE
290,SOCIAL STUDIES
290,TAMIL
291,PHYSICAL EDUCATION
292,ART
292,ENGLISH LANGUAGE
292,HIGHER CHINESE
292,MATHEMATICS
292,MUSIC
292,PHYSICAL EDUCATION
292,SCIENCE
292,SOCIAL STUDIES
293,ART
293,CHINESE
293,ENGLISH LANGUAGE
293,FOUNDATION CHINESE
293,FOUNDATION ENGLISH LANGUAGE
293,FOUNDATION MALAY
293,FOUNDATION TAMIL
293,HIGHER CHINESE
293,HIGHER MALAY
293,HIGHER TAMIL
293,MALAY
293,MATHEMATICS
293,MUSIC
293,PHYSICAL EDUCATION
293,SCIENCE
293,SOCIAL STUDIES
293,TAMIL
294,ART
294,CHINESE
294,ENGLISH LANGUAGE
294,HIGHER CHINESE
294,HIGHER MALAY
294,HIGHER TAMIL
294,MALAY
294,MATHEMATICS
294,MUSIC
294,PHYSICAL EDUCATION
294,SCIENCE
294,SOCIAL STUDIES
294,TAMIL
295,CHINESE B
295,MUSIC
295,PHYSICAL EDUCATION
296,ART
296,CHINESE
296,CO-CURRICULAR ACTIVITIES
296,ENGLISH LANGUAGE
296,FOUNDATION ENGLISH LANGUAGE
296,HIGHER CHINESE
296,HIGHER MALAY
296,HIGHER TAMIL
296,MALAY
296,MATHEMATICS
296,MUSIC
296,PHYSICAL EDUCATION
296,SCIENCE
296,SOCIAL STUDIES
296,TAMIL
298,ART
298,CHINESE
298,CO-CURRICULAR ACTIVITIES
298,ENGLISH LANGUAGE
298,FOUNDATION ENGLISH LANGUAGE
298,HIGHER CHINESE
298,HIGHER MALAY
298,HIGHER TAMIL
298,MALAY
298,MATHEMATICS
298,MUSIC
298,PHYSICAL EDUCATION
298,SCIENCE
298,SOCIAL STUDIES
298,TAMIL
299,ART
299,DESIGN & TECHNOLOGY
299,FOOD AND CONSUMER EDUCATION
299,MUSIC
299,PHYSICAL EDUCATION
300,ART
300,CHINESE
300,ENGLISH LANGUAGE
300,FOUNDATION CHINESE
300,FOUNDATION ENGLISH LANGUAGE
300,FOUNDATION MALAY
300,HIGHER CHINESE
300,HIGHER TAMIL
300,MALAY
300,MATHEMATICS
300,MUSIC
300,PHYSICAL EDUCATION
300,SCIENCE
300,SOCIAL STUDIES
300,TAMIL
301,ART
301,CHINESE
301,ENGLISH LANGUAGE
301,FOUNDATION CHINESE
301,FOUNDATION ENGLISH LANGUAGE
301,FOUNDATION MALAY
301,HIGHER CHINESE
301,HIGHER MALAY
301,MALAY
301,MATHEMATICS
301,MUSIC
301,PHYSICAL EDUCATION
301,SCIENCE
301,SOCIAL STUDIES
302,ART
302,DESIGN & TECHNOLOGY
302,FOOD AND CONSUMER EDUCATION
302,MUSIC
304,CHINESE B
304,H1 BIOLOGY
304,H1 CHEMISTRY
304,H1 CHINESE LANGUAGE
304,H1 ECONOMICS
304,H1 FRENCH LANGUAGE
304,H1 GENERAL PAPER
304,H1 JAPANESE LANGUAGE
304,H1 MALAY LANGUAGE
304,H1 PHYSICS
304,H1 PROJECT WORK
304,H1 TAMIL LANGUAGE
304,H2 ART
304,H2 BIOLOGY
304,H2 CHEMISTRY
304,H2 COMPUTING
304,H2 ECONOMICS
304,H2 FRENCH LANGUAGE
304,H2 GERMAN LANGUAGE
304,H2 HISTORY
304,H2 JAPANESE LANGUAGE
304,H2 PHYSICS
305,ART
305,CHINESE B
305,DESIGN & TECHNOLOGY
305,FOOD AND CONSUMER EDUCATION
305,MUSIC
305,PHYSICAL EDUCATION
306,ART
306,CHINESE
306,ENGLISH LANGUAGE
306,FOUNDATION CHINESE
306,FOUNDATION ENGLISH LANGUAGE
306,FOUNDATION MALAY
306,HIGHER CHINESE
306,HIGHER MALAY
306,MALAY
306,MATHEMATICS
306,MUSIC
306,PHYSICAL EDUCATION
306,SCIENCE
306,SOCIAL STUDIES
306,TAMIL
307,ART
307,CHINESE
307,CO-CURRICULAR ACTIVITIES
307,ENGLISH LANGUAGE
307,FOUNDATION CHINESE
307,FOUNDATION ENGLISH LANGUAGE
307,FOUNDATION MALAY
307,FOUNDATION TAMIL
307,HIGHER CHINESE
307,HIGHER MALAY
307,HIGHER TAMIL
307,MALAY
307,MATHEMATICS
307,MUSIC
307,PHYSICAL EDUCATION
307,SCIENCE
307,SOCIAL STUDIES
307,TAMIL
308,ART
308,CHINESE
308,ENGLISH LANGUAGE
308,MALAY
308,MATHEMATICS
308,MUSIC
308,PHYSICAL EDUCATION
308,SCIENCE
308,SOCIAL STUDIES
308,TAMIL
309,ART
309,CHINESE
309,ENGLISH LANGUAGE
309,MALAY
309,MATHEMATICS
309,MUSIC
309,PHYSICAL EDUCATION
309,SOCIAL STUDIES
309,TAMIL
310,ART
310,DESIGN & TECHNOLOGY
310,FOOD AND CONSUMER EDUCATION
310,MUSIC
311,ART
311,CHINESE
311,ENGLISH LANGUAGE
311,FOUNDATION CHINESE
311,FOUNDATION ENGLISH LANGUAGE
311,FOUNDATION MALAY
311,HIGHER CHINESE
311,HIGHER MALAY
311,HIGHER TAMIL
311,MALAY
311,MATHEMATICS
311,MUSIC
311,PHYSICAL EDUCATION
311,SCIENCE
311,SOCIAL STUDIES
311,TAMIL
312,ART
312,CHINESE
312,ENGLISH LANGUAGE
312,MALAY
312,MATHEMATICS
312,MUSIC
312,PHYSICAL EDUCATION
312,SCIENCE
312,SOCIAL STUDIES
312,TAMIL
313,ART
313,DESIGN & TECHNOLOGY
313,FOOD AND CONSUMER EDUCATION
314,ART
314,CHINESE
314,ENGLISH LANGUAGE
314,FOUNDATION CHINESE
314,FOUNDATION ENGLISH LANGUAGE
314,FOUNDATION MALAY
314,HIGHER CHINESE
314,HIGHER MALAY
314,HIGHER TAMIL
314,MALAY
314,MATHEMATICS
314,MUSIC
314,PHYSICAL EDUCATION
314,SCIENCE
314,SOCIAL STUDIES
314,TAMIL
315,ART
315,CHINESE B
315,DESIGN & TECHNOLOGY
315,FOOD AND CONSUMER EDUCATION
315,MALAY B
315,MUSIC
315,PHYSICAL EDUCATION
316,ART
316,CHINESE
316,ENGLISH LANGUAGE
316,FOUNDATION CHINESE
316,FOUNDATION ENGLISH LANGUAGE
316,FOUNDATION MALAY
316,FOUNDATION TAMIL
316,HIGHER CHINESE
316,HIGHER MALAY
316,HIGHER TAMIL
316,MALAY
316,MATHEMATICS
316,MUSIC
316,PHYSICAL EDUCATION
316,SCIENCE
316,SOCIAL STUDIES
316,TAMIL
317,CHINESE B
317,MUSIC
317,PHYSICAL EDUCATION
318,ART
318,CHINESE
318,ENGLISH LANGUAGE
318,FOUNDATION CHINESE
318,FOUNDATION ENGLISH LANGUAGE
318,FOUNDATION MALAY
318,HIGHER CHINESE
318,HIGHER MALAY
318,HIGHER TAMIL
318,MALAY
318,MATHEMATICS
318,MUSIC
318,PHYSICAL EDUCATION
318,SCIENCE
318,SOCIAL STUDIES
318,TAMIL
319,ART
319,CHINESE
319,CO-CURRICULAR ACTIVITIES
319,ENGLISH LANGUAGE
319,FOUNDATION CHINESE
319,FOUNDATION ENGLISH LANGUAGE
319,FOUNDATION MALAY
319,FOUNDATION TAMIL
319,HIGHER CHINESE
319,HIGHER MALAY
319,HIGHER TAMIL
319,MALAY
319,MATHEMATICS
319,MUSIC
319,PHYSICAL EDUCATION
319,SCIENCE
319,SOCIAL STUDIES
319,TAMIL
320,ART
320,DESIGN & TECHNOLOGY
320,FOOD AND CONSUMER EDUCATION
320,MUSIC
321,CHINESE B
321,MUSIC
321,PHYSICAL EDUCATION
321,TAMIL B
322,ART
322,CHINESE
322,ENGLISH LANGUAGE
322,HIGHER CHINESE
322,HIGHER MALAY
322,HIGHER TAMIL
322,MALAY
322,MATHEMATICS
322,MUSIC
322,PHYSICAL EDUCATION
322,SCIENCE
322,SOCIAL STUDIES
322,TAMIL
323,ART
323,CHINESE
323,CO-CURRICULAR ACTIVITIES
323,ENGLISH LANGUAGE
323,FOUNDATION CHINESE
323,FOUNDATION ENGLISH LANGUAGE
323,FOUNDATION MALAY
323,FOUNDATION TAMIL
323,HIGHER CHINESE
323,HIGHER MALAY
323,HIGHER TAMIL
323,MALAY
323,MATHEMATICS
323,MUSIC
323,PHYSICAL EDUCATION
323,SCIENCE
323,SOCIAL STUDIES
323,TAMIL
324,ART
324,CHINESE
324,ENGLISH LANGUAGE
324,FOUNDATION CHINESE
324,FOUNDATION ENGLISH LANGUAGE
324,FOUNDATION MALAY
324,FOUNDATION TAMIL
324,HIGHER TAMIL
324,MALAY
324,MATHEMATICS
324,MUSIC
324,PHYSICAL EDUCATION
324,SCIENCE
324,SOCIAL STUDIES
324,TAMIL
325,MUSIC
326,ART
326,CHINESE
326,ENGLISH LANGUAGE
326,FOUNDATION CHINESE
326,FOUNDATION ENGLISH LANGUAGE
326,FOUNDATION MALAY
326,FOUNDATION TAMIL
326,HIGHER CHINESE
326,HIGHER MALAY
326,HIGHER TAMIL
326,MALAY
326,MATHEMATICS
326,MUSIC
326,PHYSICAL EDUCATION
326,SCIENCE
326,SOCIAL STUDIES
326,TAMIL
327,ART
327,CHINESE
327,ENGLISH LANGUAGE
327,FOUNDATION CHINESE
327,FOUNDATION ENGLISH LANGUAGE
327,FOUNDATION MALAY
327,FOUNDATION TAMIL
327,HIGHER CHINESE
327,HIGHER MALAY
327,HIGHER TAMIL
327,MALAY
327,MATHEMATICS
327,MUSIC
327,PHYSICAL EDUCATION
327,SCIENCE
327,SOCIAL STUDIES
327,TAMIL
328,ART
328,CHINESE
328,ENGLISH LANGUAGE
328,FOUNDATION CHINESE
328,FOUNDATION ENGLISH LANGUAGE
328,FOUNDATION MALAY
328,FOUNDATION TAMIL
328,HIGHER CHINESE
328,HIGHER MALAY
328,HIGHER TAMIL
328,MALAY
328,MATHEMATICS
328,MUSIC
328,PHYSICAL EDUCATION
328,SCIENCE
328,SOCIAL STUDIES
328,TAMIL
329,ART
329,CHINESE
329,ENGLISH LANGUAGE
329,FOUNDATION CHINESE
329,FOUNDATION ENGLISH LANGUAGE
329,FOUNDATION MALAY
329,HIGHER CHINESE
329,HIGHER MALAY
329,HIGHER TAMIL
329,MALAY
329,MATHEMATICS
329,MUSIC
329,PHYSICAL EDUCATION
329,SCIENCE
329,SOCIAL STUDIES
329,TAMIL
330,ART
330,DESIGN & TECHNOLOGY
330,FOOD AND CONSUMER EDUCATION
330,MUSIC
330,PHYSICAL EDUCATION
331,CHINESE B
331,H1 ART
331,H1 BIOLOGY
331,H1 CHEMISTRY
331,H1 CHINESE LANGUAGE
331,H1 ECONOMICS
331,H1 GENERAL PAPER
331,H1 HISTORY
331,H1 MALAY LANGUAGE
331,H1 PHYSICS
331,H1 PROJECT WORK
331,H1 TAMIL LANGUAGE
331,H2 ART
331,H2 BIOLOGY
331,H2 CHEMISTRY
331,H2 COMPUTING
331,H2 ECONOMICS
331,H2 HISTORY
331,H2 PHYSICS
331,MALAY B
331,TAMIL B
332,ART
332,CHINESE
332,ENGLISH LANGUAGE
332,FOUNDATION CHINESE
332,FOUNDATION ENGLISH LANGUAGE
332,FOUNDATION MALAY
332,FOUNDATION TAMIL
332,HIGHER CHINESE
332,HIGHER MALAY
332,HIGHER TAMIL
332,MALAY
332,MATHEMATICS
332,MUSIC
332,PHYSICAL EDUCATION
332,SCIENCE
332,SOCIAL STUDIES
332,TAMIL
333,ART
333,DESIGN & TECHNOLOGY
333,FOOD AND CONSUMER EDUCATION
333,PHYSICAL EDUCATION
334,ART
334,DESIGN & TECHNOLOGY
334,MUSIC
335,ART
335,CHINESE
335,ENGLISH LANGUAGE
335,FOUNDATION ENGLISH LANGUAGE
335,HIGHER CHINESE
335,MALAY
335,MATHEMATICS
335,MUSIC
335,PHYSICAL EDUCATION
335,SCIENCE
335,SOCIAL STUDIES
336,CHINESE B
336,MUSIC
336,PHYSICAL EDUCATION
337,ART
337,CHINESE
337,ENGLISH LANGUAGE
337,FOUNDATION ENGLISH LANGUAGE
337,HIGHER CHINESE
337,HIGHER MALAY
337,HIGHER TAMIL
337,MALAY
337,MATHEMATICS
337,MUSIC
337,PHYSICAL EDUCATION
337,SCIENCE
337,SOCIAL STUDIES
337,TAMIL
338,MUSIC
338,PHYSICAL EDUCATION
339,ART
339,CHINESE
339,ENGLISH LANGUAGE
339,FOUNDATION CHINESE
339,FOUNDATION ENGLISH LANGUAGE
339,FOUNDATION MALAY
339,HIGHER CHINESE
339,HIGHER MALAY
339,MALAY
339,MATHEMATICS
339,MUSIC
339,PHYSICAL EDUCATION
339,SCIENCE
339,SOCIAL STUDIES
340,ART
340,DESIGN & TECHNOLOGY
340,FOOD AND CONSUMER EDUCATION
340,MUSIC
340,PHYSICAL EDUCATION
341,ART
341,DESIGN & TECHNOLOGY
341,PHYSICAL EDUCATION
342,ART
342,CHINESE
342,CO-CURRICULAR ACTIVITIES
342,ENGLISH LANGUAGE
342,FOUNDATION CHINESE
342,FOUNDATION ENGLISH LANGUAGE
342,FOUNDATION MALAY
342,FOUNDATION TAMIL
342,HIGHER CHINESE
342,HIGHER MALAY
342,HIGHER TAMIL
342,MALAY
342,MATHEMATICS
342,MUSIC
342,PHYSICAL EDUCATION
342,SCIENCE
342,SOCIAL STUDIES
342,TAMIL
343,ART
343,CHINESE
343,ENGLISH LANGUAGE
343,FOUNDATION CHINESE
343,FOUNDATION ENGLISH LANGUAGE
343,FOUNDATION MALAY
343,FOUNDATION TAMIL
343,HIGHER CHINESE
343,HIGHER MALAY
343,HIGHER TAMIL
343,MALAY
343,MATHEMATICS
343,MUSIC
343,PHYSICAL EDUCATION
343,SCIENCE
343,SOCIAL STUDIES
343,TAMIL
344,ART
344,DESIGN & TECHNOLOGY
344,FOOD AND CONSUMER EDUCATION
344,MUSIC
345,ART
345,CHINESE
345,ENGLISH LANGUAGE
345,FOUNDATION CHINESE
345,FOUNDATION ENGLISH LANGUAGE
345,FOUNDATION MALAY
345,FOUNDATION TAMIL
345,HIGHER CHINESE
345,HIGHER MALAY
345,HIGHER TAMIL
345,MALAY
345,MATHEMATICS
345,MUSIC
345,PHYSICAL EDUCATION
345,SCIENCE
345,SOCIAL STUDIES
345,TAMIL
346,MUSIC
346,PHYSICAL EDUCATION
